id,title,content,created_at,updated_at
0,Titel 1,Content 1,2017-12-01 09:39:02,2017-12-01 09:39:02
0,Titel 1,Content 1,2017-12-01 09:39:02,2017-12-01 09:39:03
0,Titel 1,Content 1,2017-12-01 09:39:02,2017-12-01 09:39:04
0,Titel 1,Content 1,2017-12-01 09:39:02,2017-12-01 09:39:05
0,Titel 1,Content 1,2017-12-01 09:39:02,2017-12-01 09:39:06
0,Titel 1,Content 1,2017-12-01 09:39:02,2017-12-01 09:39:07
0,Titel 1,Content 1,2017-12-01 09:39:02,2017-12-01 09:39:08
0,Titel 1,Content 1,2017-12-01 09:39:02,2017-12-01 09:39:09
0,Titel 1,Content 1,2017-12-01 09:39:02,2017-12-01 09:39:10
0,Titel 1,Content 1,2017-12-01 09:39:02,2017-12-01 09:39:11
0,Titel 1,Content 1,2017-12-01 09:39:02,2017-12-01 09:39:12
0,Titel 1,Content 1,2017-12-01 09:39:02,2017-12-01 09:39:13
0,Titel 1,Content 1,2017-12-01 09:39:02,2017-12-01 09:39:14
0,Titel 1,Content 1,2017-12-01 09:39:02,2017-12-01 09:39:15
0,Titel 1,Content 1,2017-12-01 09:39:02,2017-12-01 09:39:16
0,Titel 1,Content 1,2017-12-01 09:39:02,2017-12-01 09:39:17
0,Titel 1,Content 1,2017-12-01 09:39:02,2017-12-01 09:39:18
0,Titel 1,Content 1,2017-12-01 09:39:02,2017-12-01 09:39:19
0,Titel 1,Content 1,2017-12-01 09:39:02,2017-12-01 09:39:20